id,subcategory_id,name,display_name,type,order_index,options,created_at,updated_at,mandatory,,,,,,,,,,,,,,,,,,,,,,,,,,,,,,,,,,,,,,,,,,,,,,,,,,,,,,,,,,,,,,,,,,,,,,,,,,,,,,,,,,,,,,,,,,,,,,,,,,,,,,,,,,,
1,1,modelo,Modelo,seleccion,1,"['Portabeb√© 0-13 kg'"""," '""Autoasientos 0-18 a 25 kg'"""," '""Autoasientos 9-18 a 30 kg'"""," '""Booster 15 a 45 kg'""",,,,t,,,,,,,,,,,,,,,,,,,,,,,,,,,,,,,,,,,,,,,,,,,,,,,,,,,,,,,,,,,,,,,,,,,,,,,,,,,,,,,,,,,,,,,,,,,,,,,,,,,,,,,
2,1,tipo_asiento,Tipo de asiento,seleccion,2,"['Ajustable alturas'"""," '""No ajustable alturas'"""," '""Elevador'"""," '""Con respaldo y cinturones'"""," '""Elevador con respaldo'""]""",,,t,,,,,,,,,,,,,,,,,,,,,,,,,,,,,,,,,,,,,,,,,,,,,,,,,,,,,,,,,,,,,,,,,,,,,,,,,,,,,,,,,,,,,,,,,,,,,,,,,,,,,,,
3,1,sistemas_anclaje,Sistemas de anclaje,seleccion,3,"['Sistema Latch'"""," '""Sistema Isofix'"""," '""Cintur√≥n de Seguridad'""]""",,,t,,,,,,,,,,,,,,,,,,,,,,,,,,,,,,,,,,,,,,,,,,,,,,,,,,,,,,,,,,,,,,,,,,,,,,,,,,,,,,,,,,,,,,,,,,,,,,,,,,,,,,,,,
4,1,cantidad_posiciones,Cantidad de posiciones,seleccion,4,"['Reclinable'"""," '""No Reclinable'""]""",,,t,,,,,,,,,,,,,,,,,,,,,,,,,,,,,,,,,,,,,,,,,,,,,,,,,,,,,,,,,,,,,,,,,,,,,,,,,,,,,,,,,,,,,,,,,,,,,,,,,,,,,,,,,,
5,2,modelo,Modelo,seleccion,1,"['Mochila Ergon√≥mica'"""," '""Mei Thai'"""," '""Rebozo'"""," '""Fular 3m'"""," '""Fular 5m'"""," '""Bambineto'"""," '""Cangurera'""",," '""Mochila Senderismo'"""," '""Cargador ni√±@ grande'""",,,,t,,,,,,,,,,,,,,,,,,,,,,,,,,,,,,,,,,,,,,,,,,,,,,,,,,,,,,,,,,,,,,,,,,,,,,,,,,,,,,,,,,,,,,,,,,,,,,,,,
6,3,modelo,Modelo,seleccion,1,"['Con portabeb√©'"""," '""Sin portabeb√©'"""," '""Doble'"""," '""Portabeb√© y Base'""",,,,t,,,,,,,,,,,,,,,,,,,,,,,,,,,,,,,,,,,,,,,,,,,,,,,,,,,,,,,,,,,,,,,,,,,,,,,,,,,,,,,,,,,,,,,,,,,,,,,,,,,,,,,
7,3,tipo,Tipo,seleccion,2,"['Bast√≥n'"""," '""Ligera'"""," '""Tradicional'"""," '""Para correr'"""," '""Gemelar Horizontal'"""," '""Gemelar Vertical'"""," '""Doble Bebe + Ni√±o'""",," '""Base para portabebe'""]""",,,t,,,,,,,,,,,,,,,,,,,,,,,,,,,,,,,,,,,,,,,,,,,,,,,,,,,,,,,,,,,,,,,,,,,,,,,,,,,,,,,,,,,,,,,,,,,,,,,,,,,
8,3,incluye_travel_system,Incluye travel system,seleccion,3,"['No Travel System'"""," '""Travel System'""]""",,,t,,,,,,,,,,,,,,,,,,,,,,,,,,,,,,,,,,,,,,,,,,,,,,,,,,,,,,,,,,,,,,,,,,,,,,,,,,,,,,,,,,,,,,,,,,,,,,,,,,,,,,,,,,
9,3,capacidad_carriola,Capacidad de la carriola,seleccion,4,"['Sencilla'"""," '""Doble'""]""",,,t,,,,,,,,,,,,,,,,,,,,,,,,,,,,,,,,,,,,,,,,,,,,,,,,,,,,,,,,,,,,,,,,,,,,,,,,,,,,,,,,,,,,,,,,,,,,,,,,,,,,,,,,,,
10,3,es_reclinable,Es reclinable,seleccion,5,"['Reclinable'"""," '""No Reclinable'""]""",,,t,,,,,,,,,,,,,,,,,,,,,,,,,,,,,,,,,,,,,,,,,,,,,,,,,,,,,,,,,,,,,,,,,,,,,,,,,,,,,,,,,,,,,,,,,,,,,,,,,,,,,,,,,,
11,3,es_3_en_1,Es 3 en 1,seleccion,6,"['3 en 1'"""," '""No 3en1'""]""",,,t,,,,,,,,,,,,,,,,,,,,,,,,,,,,,,,,,,,,,,,,,,,,,,,,,,,,,,,,,,,,,,,,,,,,,,,,,,,,,,,,,,,,,,,,,,,,,,,,,,,,,,,,,,
12,3,cantidad_posiciones_reclinado,Cantidad de posiciones de reclinado,seleccion,7,"['1 Posici√≥n'"""," '""2 Posiciones'"""," '""3 Posiciones'""]""",,,t,,,,,,,,,,,,,,,,,,,,,,,,,,,,,,,,,,,,,,,,,,,,,,,,,,,,,,,,,,,,,,,,,,,,,,,,,,,,,,,,,,,,,,,,,,,,,,,,,,,,,,,,,
13,4,modelo,Modelo,seleccion,1,"['Cubre carriola'"""," '""Ganchos carriola'"""," '""Pat√≠n carriola'"""," '""Juguete para Carriola'"""," '""Organizador'"""," '""Funda de lluvia'"""," '""Saco protector'"""," '""Sombrilla'"""," '""Mosquitero'"""," '""Cubre portabeb√©'"""," '""Soporte para Cabeza'"""," '""Apapacho para Portabeb√©'"""," '""Protector Asientos'"""," '""Organizador auto'"""," '""Espejos retrovisores'"""," '""Funda de carriola'""",,,"""accesorios sobre ruedas"""," '""Cargador Autoasiento'""",," '""Adaptador de carriola'""]""",,,t,,,,,,,,,,,,,,,,,,,,,,,,,,,,,,,,,,,,,,,,,,,,,,,,,,,,,,,,,,,,,,,,,,,,,,,,,,,,,,,,,,,,,,
14,5,modelo,Modelo,seleccion,1,"['El√©ctrico'"""," '""Empuje'""]""",,,t,,,,,,,,,,,,,,,,,,,,,,,,,,,,,,,,,,,,,,,,,,,,,,,,,,,,,,,,,,,,,,,,,,,,,,,,,,,,,,,,,,,,,,,,,,,,,,,,,,,,,,,,,,
15,5,tipo,Tipo,seleccion,2,"['Control remoto'"""," '""Sin Control remoto'""]""",,,t,,,,,,,,,,,,,,,,,,,,,,,,,,,,,,,,,,,,,,,,,,,,,,,,,,,,,,,,,,,,,,,,,,,,,,,,,,,,,,,,,,,,,,,,,,,,,,,,,,,,,,,,,,
16,5,baston_empuje,Bast√≥n para empuje,seleccion,3,"['Con bast√≥n empuje'"""," '""Sin bast√≥n empuje'""]""",,,t,,,,,,,,,,,,,,,,,,,,,,,,,,,,,,,,,,,,,,,,,,,,,,,,,,,,,,,,,,,,,,,,,,,,,,,,,,,,,,,,,,,,,,,,,,,,,,,,,,,,,,,,,,
17,5,techo,Techo,seleccion,4,"['Con techo'"""," '""Sin techo'""]""",,,t,,,,,,,,,,,,,,,,,,,,,,,,,,,,,,,,,,,,,,,,,,,,,,,,,,,,,,,,,,,,,,,,,,,,,,,,,,,,,,,,,,,,,,,,,,,,,,,,,,,,,,,,,,
18,6,modelo,Modelo,seleccion,1,"['R-12 / 2-3a'"""," '""R-14 / 3-4a'"""," '""R-16 / 3-5a'"""," '""R-18 / 4-6a'"""," '""R+20 +6a'"""," '""Triciclo Peque√±o'"""," '""Triciclo Grande'"""," '""Bicicleta de Equilibrio'""]""",,,t,,,,,,,,,,,,,,,,,,,,,,,,,,,,,,,,,,,,,,,,,,,,,,,,,,,,,,,,,,,,,,,,,,,,,,,,,,,,,,,,,,,,,,,,,,,,,,,,,,,,
19,6,tipo,Tipo,seleccion,2,"['Ruedas Aux.'"""," '""Sin Ruedas Aux.'"""," '""3 en 1'"""," '""Regular'"""," '""Con accesorios'""]""",,,t,,,,,,,,,,,,,,,,,,,,,,,,,,,,,,,,,,,,,,,,,,,,,,,,,,,,,,,,,,,,,,,,,,,,,,,,,,,,,,,,,,,,,,,,,,,,,,,,,,,,,,,
20,7,modelo,Modelo,seleccion,1,"['Trasera'"""," '""Frontal'""]""",,,t,,,,,,,,,,,,,,,,,,,,,,,,,,,,,,,,,,,,,,,,,,,,,,,,,,,,,,,,,,,,,,,,,,,,,,,,,,,,,,,,,,,,,,,,,,,,,,,,,,,,,,,,,,
21,7,edad_minima,Edad m√≠nima recomendada,seleccion,2,"['9 meses'"""," '""Otra'""]""",,,t,,,,,,,,,,,,,,,,,,,,,,,,,,,,,,,,,,,,,,,,,,,,,,,,,,,,,,,,,,,,,,,,,,,,,,,,,,,,,,,,,,,,,,,,,,,,,,,,,,,,,,,,,,
22,7,edad_maxima,Edad m√°xima recomendada,seleccion,3,"['5 a√±os'"""," '""Otra'""]""",,,t,,,,,,,,,,,,,,,,,,,,,,,,,,,,,,,,,,,,,,,,,,,,,,,,,,,,,,,,,,,,,,,,,,,,,,,,,,,,,,,,,,,,,,,,,,,,,,,,,,,,,,,,,,
23,8,modelo,Modelo,seleccion,1,"['Avalancha'"""," '""Patineta'"""," '""Patines'"""," '""Scooter peque√±o'"""," '""Scooter Grande'""",," '""Wagon'""]""",,,t,,,,,,,,,,,,,,,,,,,,,,,,,,,,,,,,,,,,,,,,,,,,,,,,,,,,,,,,,,,,,,,,,,,,,,,,,,,,,,,,,,,,,,,,,,,,,,,,,,,,,
24,9,modelo,Modelo,seleccion,1,"['Pa√±alera'"""," '""Inserto'"""," '""Cambiador'"""," '""Casco Protector Bici'"""," '""Arn√©s/Correa'"""," '""Andar√≠n'"""," '""Inflable'"""," '""Mochila'"""," '""Silla para Bici'"""," '""Bambineto'"""," '""Portabeb√© y Base'"""," '""Adaptador de asiento'"""," '""Accesorios carriola'"""," '""Organizador'"""," '""Chaleco salvavidas'"""," '""Salvavidas'""]""",,,t,,,,,,,,,,,,,,,,,,,,,,,,,,,,,,,,,,,,,,,,,,,,,,,,,,,,,,,,,,,,,,,,,,,,,,,,,,,,,,,,,,,,,,,,,,,,
25,10,edad_maxima,Edad m√°xima recomendada,seleccion,1,"['7 meses'"""," '""36 meses'"""," '""M√°s de 36 meses'""]""",,,t,,,,,,,,,,,,,,,,,,,,,,,,,,,,,,,,,,,,,,,,,,,,,,,,,,,,,,,,,,,,,,,,,,,,,,,,,,,,,,,,,,,,,,,,,,,,,,,,,,,,,,,,,
26,10,modelo,Modelo,seleccion,2,"['Cuna Est√°ndar'"""," '""Convertible Entrenadora'"""," '""Convertible Matrimonial'"""," '""Tama√±o Mois√©s'"""," '""Cama Junior'"""," '""Cama Individual'"""," '""Otros Tama√±os'"""," '""Cuna Cama'""]""",,,t,,,,,,,,,,,,,,,,,,,,,,,,,,,,,,,,,,,,,,,,,,,,,,,,,,,,,,,,,,,,,,,,,,,,,,,,,,,,,,,,,,,,,,,,,,,,,,,,,,,,
27,10,con_buros,Con bur√≥s,seleccion,3,"['Con bur√≥s'"""," '""Sin Buros'""]""",,,t,,,,,,,,,,,,,,,,,,,,,,,,,,,,,,,,,,,,,,,,,,,,,,,,,,,,,,,,,,,,,,,,,,,,,,,,,,,,,,,,,,,,,,,,,,,,,,,,,,,,,,,,,,
28,10,acabado,Acabado,seleccion,4,"['Acabado R√∫stico'"""," '""Acabado Regular'"""," '""Acabado Fino'""]""",,,t,,,,,,,,,,,,,,,,,,,,,,,,,,,,,,,,,,,,,,,,,,,,,,,,,,,,,,,,,,,,,,,,,,,,,,,,,,,,,,,,,,,,,,,,,,,,,,,,,,,,,,,,,
29,10,tipo_madera,Tipos de madera,seleccion,5,"['Madera Regular/Pino'"""," '""Madera Fina'""]""",,,t,,,,,,,,,,,,,,,,,,,,,,,,,,,,,,,,,,,,,,,,,,,,,,,,,,,,,,,,,,,,,,,,,,,,,,,,,,,,,,,,,,,,,,,,,,,,,,,,,,,,,,,,,,
30,10,incluye_colchon,Incluye colch√≥n,seleccion,6,"['Incluye colch√≥n'"""," '""No inluye colch√≥n'""]""",,,t,,,,,,,,,,,,,,,,,,,,,,,,,,,,,,,,,,,,,,,,,,,,,,,,,,,,,,,,,,,,,,,,,,,,,,,,,,,,,,,,,,,,,,,,,,,,,,,,,,,,,,,,,,
31,11,modelo,Modelo,seleccion,1,"['Colecho'"""," '""Mois√©s'""]""",34:08.8,34:08.8,t,,,,,,,,,,,,,,,,,,,,,,,,,,,,,,,,,,,,,,,,,,,,,,,,,,,,,,,,,,,,,,,,,,,,,,,,,,,,,,,,,,,,,,,,,,,,,,,,,,,,,,,,,,
32,11,tipo,Tipo,seleccion,2,"['Fijo'"""," '""Plegable'""]""",34:08.8,34:08.8,t,,,,,,,,,,,,,,,,,,,,,,,,,,,,,,,,,,,,,,,,,,,,,,,,,,,,,,,,,,,,,,,,,,,,,,,,,,,,,,,,,,,,,,,,,,,,,,,,,,,,,,,,,,
33,11,mecedora,Mecedora,seleccion,3,"['Mecedora'"""," '""No mecedora'""]""",34:08.8,34:08.8,t,,,,,,,,,,,,,,,,,,,,,,,,,,,,,,,,,,,,,,,,,,,,,,,,,,,,,,,,,,,,,,,,,,,,,,,,,,,,,,,,,,,,,,,,,,,,,,,,,,,,,,,,,,
34,11,accesorios,Accesorios,seleccion,4,"['Con caja de luz y sonidos'"""," '""Con Mosquitero'"""," '""Accesorios completos'"""," '""Sin Accesorios'"""," '""Accesorios'""]""",34:08.8,34:08.8,t,,,,,,,,,,,,,,,,,,,,,,,,,,,,,,,,,,,,,,,,,,,,,,,,,,,,,,,,,,,,,,,,,,,,,,,,,,,,,,,,,,,,,,,,,,,,,,,,,,,,,,,
35,12,modelo,Modelo,seleccion,1,"['Corral'"""," '""Segundo piso'"""," '""Completa'""]""",34:08.8,34:08.8,t,,,,,,,,,,,,,,,,,,,,,,,,,,,,,,,,,,,,,,,,,,,,,,,,,,,,,,,,,,,,,,,,,,,,,,,,,,,,,,,,,,,,,,,,,,,,,,,,,,,,,,,,,
37,12,accesorios,Accesorios,seleccion,3,"['Con caja de luz y sonidos'"""," '""Con Mosquitero'"""," '""Accesorios completos'"""," '""Sin Accesorios'""]""",34:08.8,34:08.8,t,,,,,,,,,,,,,,,,,,,,,,,,,,,,,,,,,,,,,,,,,,,,,,,,,,,,,,,,,,,,,,,,,,,,,,,,,,,,,,,,,,,,,,,,,,,,,,,,,,,,,,,,
38,13,modelo,Modelo,seleccion,1,"['Cuna est√°ndar'"""," '""Cuna cama'"""," '""Cuna de viaje'"""," '""Individual'"""," '""Matrimonial'""]""",34:08.8,34:08.8,t,,,,,,,,,,,,,,,,,,,,,,,,,,,,,,,,,,,,,,,,,,,,,,,,,,,,,,,,,,,,,,,,,,,,,,,,,,,,,,,,,,,,,,,,,,,,,,,,,,,,,,,
39,13,tipo,Tipo,seleccion,2,"['Cubre barandal'"""," '""1 Pieza Edred√≥n'"""," '""2 a 3 piezas'"""," '""3 a 4 piezas'"""," '""S√°banas'"""," '""Cobijas'"""," '""Cubre colch√≥n'"""," '""Mois√©s'""]""",34:08.8,34:08.8,t,,,,,,,,,,,,,,,,,,,,,,,,,,,,,,,,,,,,,,,,,,,,,,,,,,,,,,,,,,,,,,,,,,,,,,,,,,,,,,,,,,,,,,,,,,,,,,,,,,,,
40,14,modelo,Modelo,seleccion,1,"['Cuna est√°ndar'"""," '""Cuna cama'"""," '""Cuna de viaje'"""," '""Mois√©s'"""," '""Nido'"""," '""Peque√±o'""]""",34:08.8,34:08.8,t,,,,,,,,,,,,,,,,,,,,,,,,,,,,,,,,,,,,,,,,,,,,,,,,,,,,,,,,,,,,,,,,,,,,,,,,,,,,,,,,,,,,,,,,,,,,,,,,,,,,,,
41,14,tipo,Tipo,seleccion,2,"['Sencillo'"""," '""Est√°ndar'"""," '""Memory Foam'"""," '""Antirreflujo'"""," '""Cambiador'"""," '""Mois√©s'"""," '""Nido'""]""",34:08.8,34:08.8,t,,,,,,,,,,,,,,,,,,,,,,,,,,,,,,,,,,,,,,,,,,,,,,,,,,,,,,,,,,,,,,,,,,,,,,,,,,,,,,,,,,,,,,,,,,,,,,,,,,,,,
42,15,modelo,Modelo,seleccion,1,"['Embarazo'"""," '""Para beb√©'"""," '""Amamantar'""]""",34:08.8,34:08.8,t,,,,,,,,,,,,,,,,,,,,,,,,,,,,,,,,,,,,,,,,,,,,,,,,,,,,,,,,,,,,,,,,,,,,,,,,,,,,,,,,,,,,,,,,,,,,,,,,,,,,,,,,,
43,15,tipo,Tipo,seleccion,2,"['Con vibraci√≥n'"""," '""Gemelar'"""," '""Regular'""]""",34:08.8,34:08.8,t,,,,,,,,,,,,,,,,,,,,,,,,,,,,,,,,,,,,,,,,,,,,,,,,,,,,,,,,,,,,,,,,,,,,,,,,,,,,,,,,,,,,,,,,,,,,,,,,,,,,,,,,,
44,16,modelo,Modelo,seleccion,1,"['Sonido y movimiento'"""," '""Con proyector'"""," '""Otro'""]""",34:08.8,34:08.8,t,,,,,,,,,,,,,,,,,,,,,,,,,,,,,,,,,,,,,,,,,,,,,,,,,,,,,,,,,,,,,,,,,,,,,,,,,,,,,,,,,,,,,,,,,,,,,,,,,,,,,,,,,
45,17,modelo,Modelo,seleccion,1,"['120 cm'"""," '""180 cm'"""," '""Otro'"""," '""100 cm'""]""",34:08.8,34:08.8,t,,,,,,,,,,,,,,,,,,,,,,,,,,,,,,,,,,,,,,,,,,,,,,,,,,,,,,,,,,,,,,,,,,,,,,,,,,,,,,,,,,,,,,,,,,,,,,,,,,,,,,,,
46,17,tipo,Tipo,seleccion,2,"['Altura ajustable'"""," '""Fijo'""]""",34:08.8,34:08.8,t,,,,,,,,,,,,,,,,,,,,,,,,,,,,,,,,,,,,,,,,,,,,,,,,,,,,,,,,,,,,,,,,,,,,,,,,,,,,,,,,,,,,,,,,,,,,,,,,,,,,,,,,,,
47,18,modelo,Modelo,seleccion,1,"['C√≥moda/cajonera'"""," '""Cabecera'"""," '""Bur√≥'"""," '""Ropero/Closet'"""," '""Mecedora para mam√°'"""," '""Librero'"""," '""C√≥moda con tina'"""," '""Ba√∫l'""]""",34:08.8,34:08.8,t,,,,,,,,,,,,,,,,,,,,,,,,,,,,,,,,,,,,,,,,,,,,,,,,,,,,,,,,,,,,,,,,,,,,,,,,,,,,,,,,,,,,,,,,,,,,,,,,,,,,
48,19,modelo,Modelo,seleccion,1,"['√Ålbum Fotos'"""," '""L√°mparas'"""," '""Cuadros'"""," '""Humidificador'"""," '""Nebulizador'"""," '""Bote Pa√±alero'"""," '""Bote Basura/ropa'"""," '""Otro'"""," '""Sillon con cojin'"""," '""Tapete'"""," '""Saco de dormir'"""," '""Ruido Blanco'""]""",34:08.8,34:08.8,t,,,,,,,,,,,,,,,,,,,,,,,,,,,,,,,,,,,,,,,,,,,,,,,,,,,,,,,,,,,,,,,,,,,,,,,,,,,,,,,,,,,,,,,,,,,,,,,,
49,20,modelo,Modelo,seleccion,1,"['Silla alta'"""," '""Port√°til fijar en silla'"""," '""Port√°til fijar en mesa'""",,,34:08.8,34:08.8,t,,,,,,,,,,,,,,,,,,,,,,,,,,,,,,,,,,,,,,,,,,,,,,,,,,,,,,,,,,,,,,,,,,,,,,,,,,,,,,,,,,,,,,,,,,,,,,,,,,,,,,,
50,20,cantidad_posiciones,Cantidad de posiciones,seleccion,2,"['Fija'"""," '""Niveles de altura'"""," '""Giratoria'"""," '""Otra'""]""",34:08.8,34:08.8,t,,,,,,,,,,,,,,,,,,,,,,,,,,,,,,,,,,,,,,,,,,,,,,,,,,,,,,,,,,,,,,,,,,,,,,,,,,,,,,,,,,,,,,,,,,,,,,,,,,,,,,,,
51,20,desmontable,Desmontable,seleccion,3,"['Charola desmontable'"""," '""Silla Desmontable'""",,,34:08.8,34:08.8,t,,,,,,,,,,,,,,,,,,,,,,,,,,,,,,,,,,,,,,,,,,,,,,,,,,,,,,,,,,,,,,,,,,,,,,,,,,,,,,,,,,,,,,,,,,,,,,,,,,,,,,,,
52,20,plegable,Plegable,seleccion,4,"['Plegable'"""," '""No Plegable'""]""",34:08.8,34:08.8,t,,,,,,,,,,,,,,,,,,,,,,,,,,,,,,,,,,,,,,,,,,,,,,,,,,,,,,,,,,,,,,,,,,,,,,,,,,,,,,,,,,,,,,,,,,,,,,,,,,,,,,,,,,
53,20,reclinable,Reclinable,seleccion,5,"['Reclinable'"""," '""No Reclinable'""",,34:08.8,34:08.8,t,,,,,,,,,,,,,,,,,,,,,,,,,,,,,,,,,,,,,,,,,,,,,,,,,,,,,,,,,,,,,,,,,,,,,,,,,,,,,,,,,,,,,,,,,,,,,,,,,,,,,,,,,
54,31,modelo,Modelo,seleccion,1,"['El√©ctrico'"""," '""Para Auto'""",,34:23.6,34:23.6,t,,,,,,,,,,,,,,,,,,,,,,,,,,,,,,,,,,,,,,,,,,,,,,,,,,,,,,,,,,,,,,,,,,,,,,,,,,,,,,,,,,,,,,,,,,,,,,,,,,,,,,,,,
55,31,tipo,Tipo,seleccion,2,"['Sencillo'"""," '""Digital'""",,34:23.6,34:23.6,t,,,,,,,,,,,,,,,,,,,,,,,,,,,,,,,,,,,,,,,,,,,,,,,,,,,,,,,,,,,,,,,,,,,,,,,,,,,,,,,,,,,,,,,,,,,,,,,,,,,,,,,,,
56,32,modelo,Modelo,seleccion,1,"['Microondas'"""," '""El√©ctrico'""]""",34:23.6,34:23.6,t,,,,,,,,,,,,,,,,,,,,,,,,,,,,,,,,,,,,,,,,,,,,,,,,,,,,,,,,,,,,,,,,,,,,,,,,,,,,,,,,,,,,,,,,,,,,,,,,,,,,,,,,,,
57,33,modelo,Modelo,seleccion,1,"['Doble'"""," '""Sencillo'""]""",34:23.6,34:23.6,t,,,,,,,,,,,,,,,,,,,,,,,,,,,,,,,,,,,,,,,,,,,,,,,,,,,,,,,,,,,,,,,,,,,,,,,,,,,,,,,,,,,,,,,,,,,,,,,,,,,,,,,,,,
58,33,tipo_fuente,Tipo de fuente,seleccion,2,"['El√©ctrico'"""," '""Manual'""]""",34:23.6,34:23.6,t,,,,,,,,,,,,,,,,,,,,,,,,,,,,,,,,,,,,,,,,,,,,,,,,,,,,,,,,,,,,,,,,,,,,,,,,,,,,,,,,,,,,,,,,,,,,,,,,,,,,,,,,,,
59,33,tipo,Tipo,seleccion,3,"['Enchufe y Pilas'"""," '""Pilas'"""," '""No pilas'""]""",34:23.6,34:23.6,t,,,,,,,,,,,,,,,,,,,,,,,,,,,,,,,,,,,,,,,,,,,,,,,,,,,,,,,,,,,,,,,,,,,,,,,,,,,,,,,,,,,,,,,,,,,,,,,,,,,,,,,,,
60,33,niveles_succion,Niveles de succi√≥n,seleccion,4,"['Con Niveles de succi√≥n'"""," '""Niveles y Tipo de succi√≥n'"""," '""Sin Niveles de succi√≥n'""]""",34:23.6,34:23.6,t,,,,,,,,,,,,,,,,,,,,,,,,,,,,,,,,,,,,,,,,,,,,,,,,,,,,,,,,,,,,,,,,,,,,,,,,,,,,,,,,,,,,,,,,,,,,,,,,,,,,,,,,,
61,34,modelo,Modelo,seleccion,1,"['El√©ctrico'"""," '""Manual'""]""",34:23.6,34:23.6,t,,,,,,,,,,,,,,,,,,,,,,,,,,,,,,,,,,,,,,,,,,,,,,,,,,,,,,,,,,,,,,,,,,,,,,,,,,,,,,,,,,,,,,,,,,,,,,,,,,,,,,,,,,
62,34,tipo,Tipo,seleccion,2,"['Sencillo'"""," '""Diferentes funciones'""]""",34:23.6,34:23.6,t,,,,,,,,,,,,,,,,,,,,,,,,,,,,,,,,,,,,,,,,,,,,,,,,,,,,,,,,,,,,,,,,,,,,,,,,,,,,,,,,,,,,,,,,,,,,,,,,,,,,,,,,,,
63,35,modelo,Modelo,seleccion,1,"['Baberos'"""," '""Vasos'"""," '""Platos'"""," '""Cubiertos'"""," '""Portavaso'"""," '""Desechables'"""," '""Red papillas'"""," '""Mordederas'"""," '""Para papillas'"""," '""Escurridor de biberones'"""," '""Chupones'"""," '""Clip Chupones'"""," '""Biberon'"""," '""Cepillos'"""," '""Accesorios de extractor'"""," '""Recolector'"""," '""Termo'"""," '""Mantel'""]""",34:23.6,34:23.6,t,,,,,,,,,,,,,,,,,,,,,,,,,,,,,,,,,,,,,,,,,,,,,,,,,,,,,,,,,,,,,,,,,,,,,,,,,,,,,,,,,,,,,,,,,,
64,36,talla,Talla,seleccion,1,"['0-3 meses'"""," '""6 meses'"""," '""9 meses'"""," '""12 meses'"""," '""18 meses'"""," '""2 a√±os'"""," '""3 a√±os'"""," '""4 a√±os'"""," '""5 a√±os'"""," '""6 a√±os'"""," '""7 a√±os'"""," '""8 a√±os'"""," '""9 a√±os'""]"""," '""10 a√±os'"""," '""11 a√±os'"""," '""Xs'"""," '""S'"""," '""M'"""," '""L'""",,,,,,,,,,,,,,,,,,,,,,,,,,,,,,,,,,,,,,,,,,,,,,,,,,,,,,,,,,,,,,,,,,,,,,,,,,,,,,,,,,,,,,,,,,,,
65,36,modelo,Modelo,seleccion,2,"['Abrigo'"""," '""Bata'"""," '""Bata de ba√±o'"""," '""Comando Grueso'"""," '""Comando ligero'"""," '""Conjunto corto'"""," '""Conjunto largo'"""," '""Costalito'"""," '""Gabardina'"""," '""Impermeable'"""," '""Mameluco'"""," '""Overall'"""," '""Pants completo'"""," '""Pa√±alero exterior'"""," '""Pa√±alero interior'"""," '""Pijama corta'"""," '""Pijama larga'"""," '""Traje Ba√±o Completo'"""," '""Vestido ni√±a'"""," '""Vestido beb√©'"""," '""Vestido de fiesta'"""," '""Disfraces'""]""",34:23.6,34:23.6,t,,,,,,,,,,,,,,,,,,,,,,,,,,,,,,,,,,,,,,,,,,,,,,,,,,,,,,,,,,,,,,,,,,,,,,,,,,,,,,,,,,,,,,
66,37,talla,Talla,seleccion,1,"['0-3 meses'"""," '""6 meses'"""," '""9 meses'"""," '""12 meses'"""," '""18 meses'"""," '""2 a√±os'"""," '""3 a√±os'"""," '""4 a√±os'"""," '""5 a√±os'"""," '""6 a√±os'"""," '""7 a√±os'"""," '""8 a√±os'"""," '""9 a√±os'""]"""," '""10 a√±os'"""," '""11 a√±os'"""," '""Xs'"""," '""S'"""," '""M'"""," '""L'""",,,,,,,,,,,,,,,,,,,,,,,,,,,,,,,,,,,,,,,,,,,,,,,,,,,,,,,,,,,,,,,,,,,,,,,,,,,,,,,,,,,,,,,,,,,,
67,37,modelo,Modelo,seleccion,2,"['Blusa Mcorta'"""," '""Blusa Mlarga'"""," '""Chaleco Grueso'"""," '""Chaleco ligero'"""," '""Cham.ligera/Romp.'"""," '""Chamarra Gruesa'"""," '""Chamarra mezclilla'"""," '""Gorro/Sombrero'"""," '""Guantes'"""," '""Mo√±os y diademas'"""," '""Playera M corta'"""," '""Playera M larga'"""," '""Polos M larga'"""," '""Polos Mcorta'"""," '""Sudadera'"""," '""Su√©ter'"""," '""Torero'""]""",34:23.6,34:23.6,t,,,,,,,,,,,,,,,,,,,,,,,,,,,,,,,,,,,,,,,,,,,,,,,,,,,,,,,,,,,,,,,,,,,,,,,,,,,,,,,,,,,,,,,,,,,
68,38,talla,Talla,seleccion,1,"['0-3 meses'"""," '""6 meses'"""," '""9 meses'"""," '""12 meses'"""," '""18 meses'"""," '""2 a√±os'"""," '""3 a√±os'"""," '""4 a√±os'"""," '""5 a√±os'"""," '""6 a√±os'"""," '""7 a√±os'"""," '""8 a√±os'"""," '""9 a√±os'""]"""," '""10 a√±os'"""," '""11 a√±os'"""," '""Xs'"""," '""S'"""," '""M'"""," '""L'""",,,,,,,,,,,,,,,,,,,,,,,,,,,,,,,,,,,,,,,,,,,,,,,,,,,,,,,,,,,,,,,,,,,,,,,,,,,,,,,,,,,,,,,,,,,,
69,38,modelo,Modelo,seleccion,2,"['Bermuda'"""," '""Bikini'"""," '""Calcetas'"""," '""Cintur√≥n'"""," '""Falda'"""," '""Leggins/ Mallas'"""," '""Pantal√≥n Mezclilla'"""," '""Pantal√≥n Tela'"""," '""Pants'"""," '""Short'"""," '"" Traje de ba√±o 1pza '""]""",34:23.6,34:23.6,t,,,,,,,,,,,,,,,,,,,,,,,,,,,,,,,,,,,,,,,,,,,,,,,,,,,,,,,,,,,,,,,,,,,,,,,,,,,,,,,,,,,,,,,,,,,,,,,,,
70,39,talla,Talla,seleccion,1,"['0-3 meses'"""," '""6 meses'"""," '""9 meses'"""," '""12 meses'"""," '""18 meses'"""," '""2 a√±os'"""," '""3 a√±os'"""," '""4 a√±os'"""," '""5 a√±os'"""," '""6 a√±os'"""," '""7 a√±os'"""," '""8 a√±os'"""," '""9 a√±os'""]"""," '""10 a√±os'"""," '""11 a√±os'"""," '""Xs'"""," '""S'"""," '""M'"""," '""L'""",,,,,,,,,,,,,,,,,,,,,,,,,,,,,,,,,,,,,,,,,,,,,,,,,,,,,,,,,,,,,,,,,,,,,,,,,,,,,,,,,,,,,,,,,,,,
71,39,modelo,Modelo,seleccion,2,"['Abrigo'"""," '""Bata'"""," '""Bata de ba√±o'"""," '""Traje'"""," '""Comando'"""," '""Conjunto corto'"""," '""Conjunto largo'"""," '""Gabardina'"""," '""Impermeable'"""," '""Mameluco'"""," '""Overall'"""," '""Pa√±alero exterior'"""," '""Pa√±alero interior'"""," '""Pijama corta'"""," '""Pijama larga'"""," '""Comando ligero'"""," '""Pants completo'"""," '""Costalito'"""," '""Disfraces'""]""",34:23.6,34:23.6,t,,,,,,,,,,,,,,,,,,,,,,,,,,,,,,,,,,,,,,,,,,,,,,,,,,,,,,,,,,,,,,,,,,,,,,,,,,,,,,,,,,,,,,,,,
72,40,talla,Talla,seleccion,1,"['0-3 meses'"""," '""6 meses'"""," '""9 meses'"""," '""12 meses'"""," '""18 meses'"""," '""2 a√±os'"""," '""3 a√±os'"""," '""4 a√±os'"""," '""5 a√±os'"""," '""6 a√±os'"""," '""7 a√±os'"""," '""8 a√±os'"""," '""9 a√±os'""]"""," '""10 a√±os'"""," '""11 a√±os'"""," '""Xs'"""," '""S'"""," '""M'"""," '""L'""",,,,,,,,,,,,,,,,,,,,,,,,,,,,,,,,,,,,,,,,,,,,,,,,,,,,,,,,,,,,,,,,,,,,,,,,,,,,,,,,,,,,,,,,,,,,
73,40,modelo,Modelo,seleccion,2,"['Saco'"""," '""Camisa Mcorta'"""," '""Camisa Mlarga'"""," '""Chaleco ligero'"""," '""Cham.ligera/Romp.'"""," '""Gorro/Sombrero'"""," '""Playera M corta'"""," '""Polos M larga'"""," '""Polos Mcorta'"""," '""Sudadera'"""," '""Su√©ter'"""," '""Playera M larga'"""," '""Guantes'"""," '""Tirantes'"""," '""Chaleco Grueso'"""," '""Chamarra Gruesa'"""," '""Chamarra mezclilla'""",,34:23.6,34:23.6,t,,,,,,,,,,,,,,,,,,,,,,,,,,,,,,,,,,,,,,,,,,,,,,,,,,,,,,,,,,,,,,,,,,,,,,,,,,,,,,,,,,,,,,,,,,
74,41,talla,Talla,seleccion,1,"['0-3 meses'"""," '""6 meses'"""," '""9 meses'"""," '""12 meses'"""," '""18 meses'"""," '""2 a√±os'"""," '""3 a√±os'"""," '""4 a√±os'"""," '""5 a√±os'"""," '""6 a√±os'"""," '""7 a√±os'"""," '""8 a√±os'"""," '""9 a√±os'""]"""," '""10 a√±os'"""," '""11 a√±os'"""," '""Xs'"""," '""S'"""," '""M'"""," '""L'""",34:31.4,t,,,,,,,,,,,,,,,,,,,,,,,,,,,,,,,,,,,,,,,,,,,,,,,,,,,,,,,,,,,,,,,,,,,,,,,,,,,,,,,,,,,,,,,,,,
75,41,modelo,Modelo,seleccion,2,"['Bermuda'"""," '""Calcetas'"""," '""Cintur√≥n'"""," '""Pantal√≥n deportivo'"""," '""Pantal√≥n Mezclilla'"""," '""Pantal√≥n Tela'"""," '""Pants'"""," '""Short'"""," '""Traje de ba√±o'""]""",34:31.4,34:31.4,t,,,,,,,,,,,,,,,,,,,,,,,,,,,,,,,,,,,,,,,,,,,,,,,,,,,,,,,,,,,,,,,,,,,,,,,,,,,,,,,,,,,,,,,,,,,,,,,,,,,
76,42,talla,Talla,seleccion,1,0-6m 8-10cm,6-9m 10.5-11cm,9-12m 11.5-12cm,12-18m 12.5-13cm,18-24m 13.5-14cm,2-3a 14.5-15cm,3-4a 15.5-16cm,4-5a 16.5-17cm, 5-6a 17.5-18cm, 6-7a 18.5-19cm,7-8a 19.5-20cm,21cm,22cm,23 cm,24cm,,,,,,,,,,,,,,,,,,,,,,,,,,,,,,,,,,,,,,,,,,,,,,,,,,,,,,,,,,,,,,,,,,,,,,,,,,,,,,,,,,,,,,,,,,,,,,,,
77,42,modelo,Modelo,seleccion,2,Acuaticos, Botas y botines ,  Botas Nieve / Piel  , Botas lluvia ,Crocs,Huaraches,Pantuflas,Sandalias,Tennis,Zapato bebé,Zapato escolar,Botas bebé,Zapatillas,34:31.4,t,,,,,,,,,,,,,,,,,,,,,,,,,,,,,,,,,,,,,,,,,,,,,,,,,,,,,,,,,,,,,,,,,,,,,,,,,,,,,,,,,,,,,,,,,,,,,,,,
78,43,talla,Talla,seleccion,1,0-6m 8-10cm,6-9m 10.5-11cm,9-12m 11.5-12cm,12-18m 12.5-13cm,18-24m 13.5-14cm,2-3a 14.5-15cm,3-4a 15.5-16cm,4-5a 16.5-17cm, 5-6a 17.5-18cm, 6-7a 18.5-19cm,7-8a 19.5-20cm,21cm,22cm,23 cm,24cm,,,,,,,,,,,,,,,,,,,,,,,,,,,,,,,,,,,,,,,,,,,,,,,,,,,,,,,,,,,,,,,,,,,,,,,,,,,,,,,,,,,,,,,,,,,,,,,,
79,43,modelo,Modelo,seleccion,2,Acuaticos, Botas y botines ,  Botas Nieve / Piel  , Botas lluvia ,Crocs,Huaraches,Pantuflas,Sandalias,Tennis,Zapato bebé,Zapato escolar,Botas bebé,,,,,,,,,,,,,,,,,,,,,,,,,,,,,,,,,,,,,,,,,,,,,,,,,,,,,,,,,,,,,,,,,,,,,,,,,,,,,,,,,,,,,,,,,,,,,,,,,,,
80,44,modelo,Modelo,seleccion,1,Botas y botines,Sandalias,Tennis,Zapatillas,Accesorio,Bolsa,Pañalera,Gorro y sombrero,Otros,,,,,,,,,,,,,,,,,,,,,,,,,,,,,,,,,,,,,,,,,,,,,,,,,,,,,,,,,,,,,,,,,,,,,,,,,,,,,,,,,,,,,,,,,,,,,,,,,,,,,,
81,45,talla,Talla,seleccion,1,"['XCH'"""," '""CH'"""," '""M'"""," '""G'"""," '""XG'""]""",34:31.4,34:31.4,t,,,,,,,,,,,,,,,,,,,,,,,,,,,,,,,,,,,,,,,,,,,,,,,,,,,,,,,,,,,,,,,,,,,,,,,,,,,,,,,,,,,,,,,,,,,,,,,,,,,,,,,
82,45,modelo,Modelo,seleccion,2,Abrigo Adulto,Blusa Adulto,Camisa Adulto,Conjunto Adulto,Falda Adulto,Overall Adulto,Pantalón Adulto,Pants Adulto,Playera Adulto,Saco Adulto,Short Adulto,Suéter Adulto,Vestido Adulto,Fajas maternidad,Otras fajas,,,,,,,,,,,,,,,,,,,,,,,,,,,,,,,,,,,,,,,,,,,,,,,,,,,,,,,,,,,,,,,,,,,,,,,,,,,,,,,,,,,,,,,,,,,,,,,,
83,46,modelo,Modelo,seleccion,1,Fisher Price,Crayola,Elmer's,Kidkraft,Play-Doh,Melissa&Doug,Cabbage Patch,Cat,Geli,Nenuco,Step2,My little pony,Distroller,Little mommy,Hot Wheels,Lego,Little People,Little Tikes,ItsIMagical,Lamaze,Play Mobil,Mega Bloks,Baby Einstein,Tiny Love,Brigth Starts ,DC Comics,Alex,Build a Bear,Leap Frog,Playgro,Playskool,Nickelodeon,Mattel,Marvel,Hasbro,Hello Kitty,Vtech,Barbie,Tiny Love,Diako,Baby Alive,Disney,Funko Pop,Nostalgia,Glacier Jackson,Paw Patrol,Diver Zone ,Maya group ,Mattel Barbie ,Hape ,Hatchimals,Kiddeieland ,Star wars ,Flight ,Pottery barn ,Guitar hero ,Mattel Max steel ,PlayMind ,Marvel ,Tonka ,Rick ,Educational insights ,Spin master ,juguete de madera ,Chicco,Nerf,Cars,Artesanal,Buzz,Imaginarium,LittleTikes,Walmart,Pin Pon,Polly Pocket,Peppa Pig,Mi Alegria,Pin&pon,Prinsel,Burder,Battat,Novelty ,Toy State,Hasbro ,Disney ,Smart start,Bandai,Imaginext,Franklin,Dundy,Toy Story,Musical,Figuras,Walkie Talkie,Electronico,Hamleys,Learning resources,Lol,Infantino,Tasco,Excellerations,Tickit,Taf Toys,Louisville,Rawlings,Fao Schwarz,Pressman,Carrera ,Silverlit,Power Drive,PlayMobil,Monster Truck
84,46,edad,Rango de edad recomendado,seleccion,2,0-2 años,3-4 años,5-6 años,Mas de 6 años,,,,,,,,,,,,,,,,,,,,,,,,,,,,,,,,,,,,,,,,,,,,,,,,,,,,,,,,,,,,,,,,,,,,,,,,,,,,,,,,,,,,,,,,,,,,,,,,,,,,,,,,,,,
85,47,talla,Talla,seleccion,1,0-12m,2-3 años,4-5 años,6-7 años,8-9 años,10-11 años,+12 años,,,,,,,,,,,,,,,,,,,,,,,,,,,,,,,,,,,,,,,,,,,,,,,,,,,,,,,,,,,,,,,,,,,,,,,,,,,,,,,,,,,,,,,,,,,,,,,,,,,,,,,,
86,47,modelo,Modelo,seleccion,2,Genérico,Ruz ,Disney,Marvel,Dc comics,Melissa&Dough,Oficios,Personajes,Super Héroes,Animales,,,,,,,,,,,,,,,,,,,,,,,,,,,,,,,,,,,,,,,,,,,,,,,,,,,,,,,,,,,,,,,,,,,,,,,,,,,,,,,,,,,,,,,,,,,,,,,,,,,,,
87,48,modelo,Modelo,seleccion,1,"['Juego de mesa'"""," '""Jenga'"""," '""Loter√≠a'"""," '""Domin√≥'"""," '""UNO'"""," '""Rompecabezas'"""," '""Ajedrez'"""," '""Memory'"""," '""Otro'""]""",34:31.4,34:31.4,t,,,,,,,,,,,,,,,,,,,,,,,,,,,,,,,,,,,,,,,,,,,,,,,,,,,,,,,,,,,,,,,,,,,,,,,,,,,,,,,,,,,,,,,,,,,,,,,,,,,
89,49,modelo,Modelo,seleccion,1,Luz y sonido,Sencilla,Sonido,,,,,,,,,,,,,,,,,,,,,,,,,,,,,,,,,,,,,,,,,,,,,,,,,,,,,,,,,,,,,,,,,,,,,,,,,,,,,,,,,,,,,,,,,,,,,,,,,,,,,,,,,,,,
91,50,modelo,Modelo,seleccion,1,"['Libro interactivo'"""," '""Bebes'""",Niños,Lectura," '""Rompecabezas'""",,,,,,,,,,,,,,,,,,,,,,,,,,,,,,,,,,,,,,,,,,,,,,,,,,,,,,,,,,,,,,,,,,,,,,,,,,,,,,,,,,,,,,,,,,,,,,,,,,,,,,,,,,
92,50,cantidad_piezas,Cantidad de piezas,seleccion,2,"['24 piezas'"""," '""48 piezas'"""," '""100 piezas'"""," '""200 piezas'"""," '""300 piezas'"""," '""500 piezas'"""," '""1000 piezas'"""," '""Otro'""",,,34:31.4,t,,,,,,,,,,,,,,,,,,,,,,,,,,,,,,,,,,,,,,,,,,,,,,,,,,,,,,,,,,,,,,,,,,,,,,,,,,,,,,,,,,,,,,,,,,,,,,,,,,,
93,51,modelo,Modelo,seleccion,1,"['Gimnasio'"""," '""Tapete'"""," '""Tapete Actividades'""]""",Foamy,34:31.4,t,,,,,,,,,,,,,,,,,,,,,,,,,,,,,,,,,,,,,,,,,,,,,,,,,,,,,,,,,,,,,,,,,,,,,,,,,,,,,,,,,,,,,,,,,,,,,,,,,,,,,,,,,
94,51,tipo,Tipo,seleccion,2,Chico,Grande," '""Con luz y sonido'"""," '""Did√°ctico'"""," '""Otro'""]""",34:31.4,34:31.4,t,,,,,,,,,,,,,,,,,,,,,,,,,,,,,,,,,,,,,,,,,,,,,,,,,,,,,,,,,,,,,,,,,,,,,,,,,,,,,,,,,,,,,,,,,,,,,,,,,,,,,,,
95,52,modelo,Modelo,seleccion,1,Fija ,Plegable,3 en 1,,34:31.4,t,,,,,,,,,,,,,,,,,,,,,,,,,,,,,,,,,,,,,,,,,,,,,,,,,,,,,,,,,,,,,,,,,,,,,,,,,,,,,,,,,,,,,,,,,,,,,,,,,,,,,,,,,
96,52,con_luz_sonido,Con luces y sonido,seleccion,2,"['Luces y sonido'"""," '""Sin luces y sonido'""]""",34:31.4,34:31.4,t,,,,,,,,,,,,,,,,,,,,,,,,,,,,,,,,,,,,,,,,,,,,,,,,,,,,,,,,,,,,,,,,,,,,,,,,,,,,,,,,,,,,,,,,,,,,,,,,,,,,,,,,,,
97,53,modelo,Modelo,seleccion,1,Correpasillos,Montable y correpasillos,Montable,Andarin ," '""Mecedor'""",," '""Otro'""]""",34:31.4,34:31.4,t,,,,,,,,,,,,,,,,,,,,,,,,,,,,,,,,,,,,,,,,,,,,,,,,,,,,,,,,,,,,,,,,,,,,,,,,,,,,,,,,,,,,,,,,,,,,,,,,,,,,,
98,53,con_luz_sonido,Con luces y sonido,seleccion,2,Con bastón,Sin bastón,Empuje con piernas,34:31.4,t,,,,,,,,,,,,,,,,,,,,,,,,,,,,,,,,,,,,,,,,,,,,,,,,,,,,,,,,,,,,,,,,,,,,,,,,,,,,,,,,,,,,,,,,,,,,,,,,,,,,,,,,,,
99,54,modelo,Modelo,seleccion,1,"['El√©ctrico'"""," '""Pedales'"""," '""Empuje'""]""",34:31.4,,,,,t,,,,,,,,,,,,,,,,,,,,,,,,,,,,,,,,,,,,,,,,,,,,,,,,,,,,,,,,,,,,,,,,,,,,,,,,,,,,,,,,,,,,,,,,,,,,,,,,,,,,,,
100,54,tipo,Tipo,seleccion,2,Control remoto,Sin control remoto,,,,,,,,,,,,,,,,,,,,,,,,,,,,,,,,,,,,,,,,,,,,,,,,,,,,,,,,,,,,,,,,,,,,,,,,,,,,,,,,,,,,,,,,,,,,,,,,,,,,,,,,,,,,,
101,54,baston,Baston,seleccion,3,Con bastón de empuje,Sin bastón de empuje,,,,,,,,,,,,,,,,,,,,,,,,,,,,,,,,,,,,,,,,,,,,,,,,,,,,,,,,,,,,,,,,,,,,,,,,,,,,,,,,,,,,,,,,,,,,,,,,,,,,,,,,,,,,,
102,54,techo,Techo,seleccion,4,Con techo,Sin techo,,,,,,,,,,,,,,,,,,,,,,,,,,,,,,,,,,,,,,,,,,,,,,,,,,,,,,,,,,,,,,,,,,,,,,,,,,,,,,,,,,,,,,,,,,,,,,,,,,,,,,,,,,,,,
359,55,modelo,Modelo,seleccion,1,R-12 / 2-3a,R-14 / 3-4a,R-16 / 3-5a,R-18 / 4-6a,R+20 +6a,Triciclo Pequeño,Triciclo Grande,Bicicleta de Equilibrio,t,,,,,,,,,,,,,,,,,,,,,,,,,,,,,,,,,,,,,,,,,,,,,,,,,,,,,,,,,,,,,,,,,,,,,,,,,,,,,,,,,,,,,,,,,,,,,,,,,,,,,,
360,55,ruedas_auxiliares,Ruedas auxiliares,seleccion,2,"['Con ruedas auxiliares'"""," '""Sin ruedas auxiliares'""",3 en 1,Con accesorios,34:31.4,t,,,,,,,,,,,,,,,,,,,,,,,,,,,,,,,,,,,,,,,,,,,,,,,,,,,,,,,,,,,,,,,,,,,,,,,,,,,,,,,,,,,,,,,,,,,,,,,,,,,,,,,,,
361,56,modelo,Modelo,seleccion,1,Avalancha,Patineta,Patines,Scooter pequeño,Scooter Grande,Street rollers ,Wagon,t,,,,,,,,,,,,,,,,,,,,,,,,,,,,,,,,,,,,,,,,,,,,,,,,,,,,,,,,,,,,,,,,,,,,,,,,,,,,,,,,,,,,,,,,,,,,,,,,,,,,,,,
362,57,modelo,Modelo,seleccion,1,Casitas,Columpios,Resbaladillas,Juegos integrados,Juegos Estimulación,Juegos de agua,Bancas,Areneros,Escaladora,Trampolines,Sube y baja,Albercas de pelotas,Cocinita,Escritorios,Mesa,Mesa con sillas,Sillas,Muebles de juguete,Túneles,Pizarrones,Juguetero,Mesas de tren/pistas,Librero,Mesas laberintos ,Mesas juguetes,Mesas de herramientas,Corral armable,Montables,Remolque,Alberca inflable,Tabla de equilibrio ,Cosina ,Canasta ,Torre iron man ,Tapete Piano ,Juego de veterinario ,Alberca de pelotas ,Tipee,Puff,Cama,Cajonera,Inflable,Cubos,Garage,Mesa de agua,Mesa Laberinto,Pista,Sillón,Tapetes,Piano,,,,,,,,,,,,,,,,,,,,,,,,,,,,,,,,,,,,,,,,,,,,,,,,,,,,,,,,,,,,,
363,57,tamano,Tama√±o,seleccion,2,"['Peque√±o'"""," '""Mediano'"""," '""Grande'""]""",34:31.4,34:31.4,t,,,,,,,,,,,,,,,,,,,,,,,,,,,,,,,,,,,,,,,,,,,,,,,,,,,,,,,,,,,,,,,,,,,,,,,,,,,,,,,,,,,,,,,,,,,,,,,,,,,,,,,,,
